name,team,age,games,score,projected_next,ahead_of_typical
Jason Horne-Francis,Port Adelaide,22.93,21,10.97,10.15,4.1
Harry Sheezel,North Melbourne,21.63,22,11.14,9.63,3.86
Will Ashcroft,Brisbane Lions,22.11,27,9.62,9.2,3.31
Logan Morris,Brisbane Lions,21.11,26,10.41,8.92,3.28
Jye Amiss,Fremantle,22.87,26,10.86,8.55,2.52
Mitch Owens,St Kilda,22.69,20,8.79,8.33,2.33
Bailey Humphrey,Gold Coast,21.75,20,8.24,8.22,2.41
George Wardlaw,North Melbourne,21.98,16,7.91,7.94,2.08
Patrick Voss,Fremantle,22.97,26,8.29,7.88,1.83
Jagga Smith,Carlton,20.36,25,8.5,7.8,2.42
Harley Reid,West Coast,21.13,23,8.62,7.76,2.12
Jay Polkinghorne,Geelong,20.2,8,8.3,7.65,2.32
Nick Watson,Hawthorn,21.28,23,7.98,7.54,1.85
Nate Caddy,Essendon,20.89,22,8.01,7.47,1.9
Hugo Garcia,St Kilda,21.03,23,9.66,7.44,1.83
