feature,label,pts_per_sd,pts_per_unit,sd,season_min,season_max
diff_marks_inside_50,Marks inside 50,14.48407110672855,2.19324689219792,6.603940102800564,10.823876652310252,16.090532847058086
diff_contested_possessions,Contested possessions,7.648535924729734,0.4455642890056036,17.165953631067467,5.227718852144449,8.686028776892197
diff_inside_50s,Inside 50s,7.5506086018193415,0.5214310933771275,14.480549199543667,3.2779089936519377,12.122487277819342
diff_uncontested_possessions,Uncontested possessions,4.775897242774514,0.1054880242259976,45.27430746586579,1.9555140998504381,8.290434908535925
diff_tackles,Tackles,3.9735458229845113,0.30696429769139166,12.9446513906296,1.7462130647096368,5.344011987236019
diff_contested_marks,Contested marks,3.1869834484605515,0.6412454122489715,4.969990252691532,1.9504203952917274,5.41195546774167
diff_one_percenters,One percenters,2.1062671788787473,0.19548329601631068,10.774665773504275,0.9021431141349585,3.1218015722443804
diff_clearances,Clearances,2.0837176750209503,0.22015242909596883,9.46488614083207,-0.4210975906116,3.998810831181099
diff_hit_outs,Hit-outs,-1.3688342811464327,-0.07741690556499621,17.681335506199133,-2.4686093576775914,-0.511629108504601
diff_frees_for,Free kick differential,-3.138883008083828,-0.5164909722818758,6.0773240512145446,-3.4687755312936286,1.0197245924554288
diff_clangers,Clangers,-6.3424127117717,-0.6238641137523164,10.16633682233201,-7.487637828319709,-1.567761670578791
