stat,label,r_mean,r_min,r_max,r_2026
handballs,Handballs,0.8761399597993563,0.7912072284007515,0.9629562481666755,0.9243626924095976
hit_outs,Hit-outs,0.7858736244263616,0.6371336540207945,0.9015089746377516,0.8355814626555979
bounces,Bounces,0.7766212565458427,0.6429160479777368,0.8386157317705637,0.730353918009032
disposals,Disposals,0.7619228735911417,0.5012160199931446,0.9070618423397837,0.8567500381152523
uncontested_possessions,Uncontested possessions,0.7464858276053499,0.5778897387817197,0.9150506156476952,0.7818968606701655
inside_50s,Inside 50s,0.7136206676954315,0.6221469846092618,0.8632528598194723,0.8632528598194723
kicks,Kicks,0.7034100653067793,0.39050812073770885,0.8380155774129222,0.8380155774129222
contested_possessions,Contested possessions,0.6593442781918862,0.49011868338791853,0.791688310698461,0.791688310698461
points_for,Points scored,0.6542502289425973,0.43669922714891524,0.8387558255515087,0.8387558255515087
goal_assists,Goal assists,0.5832230560202554,0.2592905224696412,0.8173489916817342,0.8173489916817342
marks_inside_50,Marks inside 50,0.5778303216694682,0.20701292039479616,0.8355545399790902,0.6143565451756282
marks,Marks,0.5451454332873481,0.35270654900674897,0.6743143262747381,0.6618667054012922
one_percenters,One percenters,0.5382008680006872,0.14446131023976025,0.8434243494209049,0.7458698900821298
clearances,Clearances,0.517269117581767,0.3853377496888762,0.7186190353230049,0.46864091017884674
clangers,Clangers,0.46494266836697723,0.24593884289210655,0.645400894394818,0.24593884289210655
tackles,Tackles,0.42557797815081144,-0.043374476649332416,0.6447259612450204,0.6023842241474896
frees_against,Free kicks against,0.38443940796354686,-0.03980846215765936,0.6268421222310644,0.22939916507963046
rebounds,Rebound 50s,0.339738415727966,-0.0970362857030848,0.5940390712285462,-0.0970362857030848
contested_marks,Contested marks,0.2797904252163249,-0.32950679001434424,0.5905106863804858,0.5905106863804858
frees_for,Free kicks for,0.14864807730655916,-0.07433525086827462,0.33184194632081915,0.15953366239873198
