season,team,kick_share,uncontested_share,marks_per_disposal,contested_mark_share,bounces_per_100_disp,tackles_per_opp_poss,mi50_per_i50,one_pct_per_opp_i50
2019,Adelaide,0.5722,0.6187,0.2406,0.1183,1.261,0.1672,0.1948,0.8596
2019,Brisbane Lions,0.6355,0.5743,0.2528,0.1332,0.9606,0.1838,0.1936,0.9825
2019,Carlton,0.619,0.5865,0.2562,0.1335,1.5951,0.1686,0.203,0.8846
2019,Collingwood,0.5693,0.6335,0.2588,0.1179,1.4582,0.1631,0.2448,1.0009
2019,Essendon,0.5815,0.6027,0.2366,0.1381,2.947,0.1654,0.1887,0.9304
2019,Fremantle,0.5771,0.5923,0.2283,0.1436,1.0563,0.151,0.2072,1.0706
2019,Geelong,0.5966,0.5831,0.2476,0.1309,1.1923,0.1927,0.2386,1.0414
2019,Gold Coast,0.6124,0.5822,0.2526,0.1168,1.0979,0.1658,0.194,0.8138
2019,Greater Western Sydney,0.6105,0.6222,0.2773,0.102,1.7876,0.1833,0.2292,0.9572
2019,Hawthorn,0.5893,0.6147,0.2494,0.1501,1.1618,0.1737,0.2045,1.0369
2019,Melbourne,0.5838,0.5864,0.2398,0.1185,0.8136,0.1667,0.214,0.9521
2019,North Melbourne,0.5378,0.6138,0.216,0.1351,1.242,0.1577,0.2307,0.9661
2019,Port Adelaide,0.5768,0.6006,0.2222,0.1149,0.9086,0.1769,0.2034,1.1852
2019,Richmond,0.5768,0.6221,0.2382,0.1122,2.2925,0.1632,0.2145,1.0592
2019,St Kilda,0.5921,0.6088,0.252,0.1192,1.943,0.1738,0.2268,0.9417
2019,Sydney,0.5881,0.6165,0.2454,0.1339,1.4708,0.1854,0.2517,0.8336
2019,West Coast,0.6398,0.6091,0.2788,0.116,1.6231,0.1586,0.2184,1.1092
2019,Western Bulldogs,0.572,0.6329,0.2379,0.1088,1.5829,0.1744,0.232,1.1072
2020,Adelaide,0.5549,0.5891,0.2097,0.1491,0.7505,0.1753,0.158,0.8158
2020,Brisbane Lions,0.6496,0.573,0.2715,0.1271,0.5612,0.1878,0.2184,1.0763
2020,Carlton,0.6425,0.5625,0.2513,0.1424,1.1715,0.1887,0.1984,1.0127
2020,Collingwood,0.5485,0.6179,0.225,0.1204,0.8542,0.1752,0.1695,1.2059
2020,Essendon,0.5553,0.6222,0.2182,0.1204,2.0047,0.1638,0.2083,0.9633
2020,Fremantle,0.5839,0.5987,0.241,0.1432,1.0,0.1649,0.224,0.9945
2020,Geelong,0.6096,0.6062,0.2681,0.1063,0.6796,0.1979,0.2387,1.1225
2020,Gold Coast,0.6163,0.576,0.2345,0.1239,1.1333,0.1607,0.169,0.8908
2020,Greater Western Sydney,0.5924,0.6012,0.2452,0.1166,0.9263,0.1874,0.2096,1.0924
2020,Hawthorn,0.5708,0.6121,0.2286,0.1258,0.8157,0.1512,0.1943,1.0509
2020,Melbourne,0.5864,0.5867,0.2405,0.1337,0.4763,0.146,0.2147,1.073
2020,North Melbourne,0.5557,0.5982,0.2123,0.1349,1.1578,0.1666,0.1865,0.8392
2020,Port Adelaide,0.5847,0.5903,0.2217,0.1349,0.8142,0.2006,0.1944,1.2908
2020,Richmond,0.5866,0.6064,0.2518,0.1256,2.3114,0.1646,0.221,1.0455
2020,St Kilda,0.6204,0.5971,0.2543,0.1212,1.7127,0.1675,0.22,1.0361
2020,Sydney,0.5983,0.5823,0.2235,0.1358,0.9445,0.1905,0.1826,0.9335
2020,West Coast,0.6376,0.5977,0.274,0.1328,0.9866,0.152,0.2274,1.2068
2020,Western Bulldogs,0.5361,0.6174,0.2061,0.1351,1.2502,0.1762,0.2219,1.1166
2021,Adelaide,0.5841,0.5979,0.2258,0.1485,0.9896,0.1577,0.2009,0.8429
2021,Brisbane Lions,0.6432,0.5862,0.2686,0.1379,0.6712,0.1703,0.2243,0.9543
2021,Carlton,0.6303,0.6148,0.2734,0.1258,2.2416,0.1487,0.2333,0.911
2021,Collingwood,0.5887,0.6495,0.2831,0.1123,1.0078,0.1444,0.2354,0.8353
2021,Essendon,0.5751,0.6434,0.2539,0.1221,2.095,0.1557,0.2332,0.8972
2021,Fremantle,0.5777,0.6216,0.253,0.1187,1.3928,0.1323,0.2228,0.9419
2021,Geelong,0.5869,0.6399,0.2707,0.104,1.0674,0.1762,0.2462,1.025
2021,Gold Coast,0.6342,0.6258,0.2942,0.1,2.3315,0.1639,0.1905,0.8932
2021,Greater Western Sydney,0.598,0.613,0.2517,0.1208,1.3081,0.1671,0.1987,1.0119
2021,Hawthorn,0.558,0.644,0.2461,0.1252,1.5222,0.164,0.2024,0.9524
2021,Melbourne,0.5953,0.5938,0.2465,0.1387,1.0988,0.179,0.2209,0.9344
2021,North Melbourne,0.5986,0.6478,0.2802,0.0916,1.455,0.1397,0.2209,0.7993
2021,Port Adelaide,0.594,0.6127,0.2459,0.1438,0.9253,0.1763,0.2271,1.0037
2021,Richmond,0.5715,0.6315,0.2524,0.1079,2.0873,0.1502,0.2381,0.9431
2021,St Kilda,0.603,0.6309,0.2618,0.1142,1.5137,0.1689,0.2295,0.9677
2021,Sydney,0.6004,0.6231,0.2527,0.1183,1.3487,0.1741,0.2275,0.9901
2021,West Coast,0.638,0.6236,0.3035,0.1299,1.246,0.1285,0.2385,1.0148
2021,Western Bulldogs,0.5656,0.6252,0.233,0.1352,2.0152,0.1662,0.2542,1.1508
2022,Adelaide,0.5682,0.5865,0.2126,0.134,0.6473,0.1903,0.1975,0.894
2022,Brisbane Lions,0.6462,0.5903,0.2766,0.1223,0.8067,0.1644,0.2178,1.0089
2022,Carlton,0.5926,0.6177,0.2511,0.12,2.5857,0.1649,0.2023,1.0203
2022,Collingwood,0.5958,0.6034,0.2329,0.1304,1.8093,0.1691,0.1953,0.9647
2022,Essendon,0.5863,0.6454,0.2698,0.1023,1.9578,0.1434,0.2354,0.8295
2022,Fremantle,0.5688,0.6345,0.2476,0.1072,1.0904,0.166,0.1792,1.0339
2022,Geelong,0.5867,0.6323,0.2609,0.1101,1.0423,0.1616,0.2636,1.0475
2022,Gold Coast,0.6605,0.555,0.2558,0.115,1.8968,0.1659,0.2018,1.0523
2022,Greater Western Sydney,0.5962,0.6278,0.2701,0.1131,1.0851,0.1677,0.1978,0.8645
2022,Hawthorn,0.5976,0.6057,0.2483,0.1162,1.7987,0.1591,0.1973,0.8872
2022,Melbourne,0.5789,0.5985,0.2356,0.1292,0.7735,0.1573,0.2013,0.9505
2022,North Melbourne,0.5975,0.61,0.253,0.1196,1.276,0.1519,0.1889,0.7252
2022,Port Adelaide,0.5891,0.6329,0.2519,0.1106,1.1434,0.179,0.2414,1.0327
2022,Richmond,0.6049,0.6091,0.2534,0.1258,2.3262,0.1396,0.2244,1.0436
2022,St Kilda,0.6151,0.6308,0.2746,0.1033,1.8792,0.1611,0.2123,0.957
2022,Sydney,0.6337,0.5983,0.2696,0.1166,1.4063,0.1886,0.2156,0.9707
2022,West Coast,0.6299,0.6281,0.2948,0.0991,1.0646,0.1595,0.2217,0.7383
2022,Western Bulldogs,0.5783,0.63,0.2483,0.1173,1.902,0.1575,0.2158,1.0111
2023,Adelaide,0.5999,0.5956,0.2416,0.1335,1.0038,0.2011,0.2411,0.9171
2023,Brisbane Lions,0.6505,0.596,0.288,0.1174,0.8609,0.1593,0.249,1.0136
2023,Carlton,0.5871,0.6199,0.2509,0.1337,1.3859,0.1755,0.2238,0.9048
2023,Collingwood,0.5794,0.6299,0.2447,0.1194,1.9044,0.1806,0.2494,0.9656
2023,Essendon,0.5854,0.6434,0.2704,0.0974,2.2365,0.1565,0.2347,0.8078
2023,Fremantle,0.5705,0.6351,0.2528,0.1156,0.9467,0.1801,0.2225,0.8471
2023,Geelong,0.61,0.604,0.2645,0.1242,1.4724,0.1737,0.2725,0.8477
2023,Gold Coast,0.6496,0.5813,0.2661,0.1185,1.2592,0.1638,0.2065,0.8637
2023,Greater Western Sydney,0.5628,0.623,0.2257,0.1107,1.647,0.1744,0.223,0.9802
2023,Hawthorn,0.5436,0.6565,0.2499,0.094,2.4958,0.1578,0.215,0.7541
2023,Melbourne,0.5801,0.5999,0.2269,0.122,0.6832,0.1765,0.2257,0.9321
2023,North Melbourne,0.5633,0.6304,0.2446,0.1131,1.6279,0.1545,0.198,0.7766
2023,Port Adelaide,0.6148,0.5918,0.2476,0.1263,1.5637,0.1771,0.235,1.0034
2023,Richmond,0.5984,0.6089,0.2381,0.1309,2.2,0.1616,0.2517,0.9108
2023,St Kilda,0.5925,0.6358,0.266,0.0986,1.5113,0.1698,0.2142,0.8867
2023,Sydney,0.5969,0.6029,0.2341,0.1216,1.7083,0.1913,0.2217,0.9576
2023,West Coast,0.5682,0.6428,0.2587,0.085,1.5448,0.1626,0.1974,0.6736
2023,Western Bulldogs,0.5786,0.6205,0.237,0.1098,1.3601,0.1848,0.2222,1.0934
2024,Adelaide,0.5902,0.6097,0.2437,0.1122,0.9398,0.1859,0.2244,0.8584
2024,Brisbane Lions,0.6426,0.6249,0.305,0.094,0.8998,0.1601,0.2265,0.9109
2024,Carlton,0.6061,0.6079,0.255,0.1134,1.2824,0.1909,0.2186,0.792
2024,Collingwood,0.5942,0.6052,0.2368,0.1136,1.2559,0.1781,0.2362,0.887
2024,Essendon,0.582,0.6517,0.2599,0.0945,2.3091,0.1718,0.2195,0.8392
2024,Fremantle,0.5621,0.6493,0.2535,0.0845,2.1551,0.1715,0.2436,0.7736
2024,Geelong,0.614,0.5999,0.2513,0.1114,1.7837,0.1816,0.2452,0.8788
2024,Gold Coast,0.5812,0.615,0.244,0.1093,1.6276,0.1667,0.1893,0.8853
2024,Greater Western Sydney,0.5591,0.6287,0.2378,0.1162,1.8224,0.1933,0.2603,0.819
2024,Hawthorn,0.5837,0.6314,0.2531,0.0886,2.121,0.1768,0.2382,0.8288
2024,Melbourne,0.6154,0.6135,0.2725,0.1112,1.1065,0.1617,0.2245,0.8087
2024,North Melbourne,0.5868,0.6247,0.2501,0.1008,1.4999,0.1663,0.2142,0.6669
2024,Port Adelaide,0.6338,0.6178,0.2782,0.102,1.9588,0.1984,0.2498,0.9133
2024,Richmond,0.5904,0.6301,0.2522,0.0968,2.2496,0.1355,0.198,0.777
2024,St Kilda,0.6215,0.633,0.2871,0.0948,1.5273,0.17,0.2549,0.8523
2024,Sydney,0.6137,0.6283,0.2643,0.0821,2.1823,0.1689,0.2159,0.9692
2024,West Coast,0.6045,0.6032,0.2669,0.1222,2.2577,0.1553,0.2219,0.7135
2024,Western Bulldogs,0.5845,0.6304,0.2628,0.1136,1.8424,0.1745,0.2185,0.9515
2025,Adelaide,0.6297,0.5941,0.2524,0.1233,1.3096,0.1951,0.2198,0.8732
2025,Brisbane Lions,0.6251,0.6367,0.2819,0.076,1.0654,0.1657,0.2132,0.9413
2025,Carlton,0.5958,0.6092,0.2517,0.1173,1.4213,0.1831,0.225,0.8859
2025,Collingwood,0.5852,0.628,0.2513,0.108,1.4001,0.1883,0.2492,0.9248
2025,Essendon,0.5523,0.6487,0.2376,0.0974,2.2781,0.1552,0.2132,0.6884
2025,Fremantle,0.5659,0.6065,0.2262,0.1248,2.069,0.1749,0.193,0.9114
2025,Geelong,0.6308,0.6175,0.2856,0.1075,2.1491,0.1844,0.2869,0.8018
2025,Gold Coast,0.5528,0.6125,0.2212,0.1228,1.9675,0.1799,0.2221,0.9615
2025,Greater Western Sydney,0.5799,0.6314,0.2556,0.1111,2.5752,0.1774,0.2305,0.7933
2025,Hawthorn,0.577,0.6268,0.2352,0.1175,2.1493,0.1867,0.2661,0.851
2025,Melbourne,0.5835,0.6246,0.2586,0.111,1.2982,0.1628,0.2068,0.8264
2025,North Melbourne,0.5637,0.6311,0.2343,0.1032,2.2114,0.1738,0.2245,0.7168
2025,Port Adelaide,0.5837,0.6252,0.2401,0.0907,1.7489,0.1758,0.2398,0.7536
2025,Richmond,0.575,0.6319,0.2598,0.1062,1.5404,0.1356,0.2108,0.7283
2025,St Kilda,0.5999,0.6355,0.2603,0.0828,2.2653,0.1816,0.2399,0.7729
2025,Sydney,0.5981,0.6239,0.2531,0.0819,2.8463,0.1769,0.2213,0.7791
2025,West Coast,0.5817,0.6172,0.2431,0.1029,2.7621,0.1564,0.2123,0.753
2025,Western Bulldogs,0.5722,0.6359,0.2477,0.1214,1.8621,0.1648,0.2481,0.9223
2026,Adelaide,0.609,0.609,0.2469,0.1165,1.1675,0.1978,0.2149,0.8602
2026,Brisbane Lions,0.6445,0.6388,0.2935,0.099,1.5807,0.1415,0.243,0.8062
2026,Carlton,0.5791,0.652,0.268,0.0886,1.4806,0.1598,0.2516,0.7963
2026,Collingwood,0.5514,0.6575,0.2499,0.0939,1.4919,0.1739,0.2398,0.7524
2026,Essendon,0.5662,0.6557,0.2536,0.0807,1.9235,0.1395,0.2259,0.6207
2026,Fremantle,0.557,0.6437,0.2437,0.1172,3.1294,0.1762,0.2573,0.8673
2026,Geelong,0.5774,0.6279,0.2442,0.1042,1.7347,0.1661,0.2361,0.8523
2026,Gold Coast,0.5544,0.6406,0.2424,0.0877,2.6138,0.1549,0.2125,0.7865
2026,Greater Western Sydney,0.5491,0.6362,0.2264,0.0856,2.1873,0.1731,0.2152,0.86
2026,Hawthorn,0.5828,0.6503,0.256,0.0952,2.1341,0.1722,0.2359,0.7855
2026,Melbourne,0.5818,0.6132,0.2382,0.1214,2.8331,0.1605,0.2283,0.7833
2026,North Melbourne,0.5673,0.6692,0.2668,0.0934,2.0515,0.1644,0.2883,0.7065
2026,Port Adelaide,0.6344,0.6228,0.2821,0.0865,1.9413,0.1523,0.2604,0.7858
2026,Richmond,0.5702,0.6257,0.2448,0.1052,1.9935,0.1322,0.2116,0.7328
2026,St Kilda,0.5731,0.6573,0.2527,0.0899,2.5715,0.1543,0.2448,0.8033
2026,Sydney,0.5344,0.628,0.2059,0.1206,3.898,0.1708,0.2308,0.9254
2026,West Coast,0.5835,0.6179,0.2468,0.0934,2.3953,0.1602,0.1968,0.7394
2026,Western Bulldogs,0.5815,0.6348,0.2386,0.0868,2.2677,0.1511,0.2282,0.9519
